{
  "Product": [
    {
      "id": "1",
      "absolute href": "https://www.patagoniaprovisions.com/collections/all/products/sardines-in-olive-oil",
      "image__img": "https://www.patagoniaprovisions.com/cdn/shop/files/0592.kumler_a_1008_cc_WEB.jpg?v=1720472888&width=320",
      "image__img_2": "https://www.patagoniaprovisions.com/cdn/shop/files/Sadrines-0639.jpg?v=1720472889&width=320",
      "product-badge": "New",
      "text_black": "Sardines in Olive Oil",
      "bv_main_container href": "https://www.patagoniaprovisions.com/collections/all/products/sardines-in-olive-oil#reviews",
      "bv_text": 0,
      "bv_text 2": "(0)",
      "product_item__price": "$8.00"
    },
    {
      "id": "2",
      "absolute href": "https://www.patagoniaprovisions.com/collections/all/products/sardines-in-coconut-curry-sauce",
      "image__img": "https://www.patagoniaprovisions.com/cdn/shop/files/0592.kumler_a_1010_cc_WEB.jpg?v=1720473930&width=320",
      "image__img_2": "https://www.patagoniaprovisions.com/cdn/shop/files/Sadrines-9899.jpg?v=1720473930&width=320",
      "product-badge": "New",
      "text_black": "Sardines in Coconut Curry Sauce",
      "bv_main_container href": "https://www.patagoniaprovisions.com/collections/all/products/sardines-in-coconut-curry-sauce#reviews",
      "bv_text": 0,
      "bv_text 2": "(0)",
      "product_item__price": "$8.00"
    },
    {
      "id": "3",
      "absolute href": "https://www.patagoniaprovisions.com/collections/all/products/sardines-variety-pack",
      "image__img": "https://www.patagoniaprovisions.com/cdn/shop/files/Untitled_design.png?v=1721060576&width=320",
      "image__img_2": "https://www.patagoniaprovisions.com/cdn/shop/files/e83f2ddc-4f2a-467b-a235-985ea4e8c8cd.jpg?v=1720478950&width=320",
      "product-badge": "New",
      "text_black": "Sardines Variety Pack",
      "bv_main_container href": "https://www.patagoniaprovisions.com/collections/all/products/sardines-variety-pack#reviews",
      "bv_text": 0,
      "bv_text 2": "(0)",
      "product_item__price": "$16.00"
    },
    {
      "id": "4",
      "absolute href": "https://www.patagoniaprovisions.com/collections/all/products/smoked-mussels",
      "image__img": "https://www.patagoniaprovisions.com/cdn/shop/files/Mussels_Smoked_front.jpg?v=1725395449&width=320",
      "image__img2": "https://www.patagoniaprovisions.com/cdn/shop/files/mussels_smoked_78dd75cb-086d-44ba-84c8-4c765961022a.jpg?v=1725568878&width=320",
      "product-badge": null,
      "text_black": "Smoked Mussels",
      "bv_main_container href": "https://www.patagoniaprovisions.com/collections/all/products/smoked-mussels#reviews",
      "bv_text": 4.8,
      "bv_text 2": "(263)",
      "product_item__price": "$8.00"
    },
    {
      "id": "5",
      "absolute href": "https://www.patagoniaprovisions.com/collections/all/products/lemon-herb-mussels",
      "image__img": "https://www.patagoniaprovisions.com/cdn/shop/files/Mussels_Lemon_Herb_Front.jpg?v=1725395546&width=320",
      "image__img_2": "https://www.patagoniaprovisions.com/cdn/shop/files/mussels_lemon_caper_95a437ba-d3b9-4c30-b109-0449f9e9d54a.jpg?v=1725568877&width=320",
      "product-badge": null,
      "text_black": "Lemon Herb Mussels",
      "bv_main_container href": "https://www.patagoniaprovisions.com/collections/all/products/lemon-herb-mussels#reviews",
      "bv_text": 4.7,
      "bv_text 2": "(174)",
      "product_item__price": "$8.00"
    },
    {
      "id": "6",
      "absolute href": "https://www.patagoniaprovisions.com/collections/all/products/spicy-mussels",
      "image__img": "https://www.patagoniaprovisions.com/cdn/shop/files/Mussels_spicy_front.jpg?v=1725395266&width=320",
      "image__img_2": "https://www.patagoniaprovisions.com/cdn/shop/files/mussels_spicy_f7e21a74-f43e-4de4-9c12-80baf0a2d223.jpg?v=1725568878&width=320",
      "product-badge": null,
      "text_black": "Spicy Mussels",
      "bv_main_container href": "https://www.patagoniaprovisions.com/collections/all/products/spicy-mussels#reviews",
      "bv_text": 4.6,
      "bv_text 2": "(43)",
      "product_item__price": "$8.00"
    },
    {
      "id": "7",
      "absolute href": "https://www.patagoniaprovisions.com/collections/all/products/mussels-variety-pack",
      "image__img": "https://www.patagoniaprovisions.com/cdn/shop/files/Mussels_Varietypk.jpg?v=1725395815&width=320",
      "image__img_2": null,
      "product-badge": null,
      "text_black": "Mussels Variety - 3 Pack",
      "bv_main_container href": "https://www.patagoniaprovisions.com/collections/all/products/mussels-variety-pack#reviews",
      "bv_text": 4.8,
      "bv_text 2": "(22)",
      "product_item__price": "$24.00"
    },
    {
      "id": "8",
      "absolute href": "https://www.patagoniaprovisions.com/collections/all/products/spicy-anchovies",
      "image__img": "https://www.patagoniaprovisions.com/cdn/shop/files/Plated-bread_b9a13327-6b89-44ba-b5a8-8d0c634bfe08.jpg?v=1702248138&width=320",
      "image__img_2": "https://www.patagoniaprovisions.com/cdn/shop/files/Back_b02082c7-2cc1-479c-910f-44a96c7785f3.jpg?v=1702248138&width=320",
      "product-badge": null,
      "text_black": "Spicy White Anchovies",
      "bv_main_container href": "https://www.patagoniaprovisions.com/collections/all/products/spicy-anchovies#reviews",
      "bv_text": 5,
      "bv_text 2": "(35)",
      "product_item__price": "$8.00"
    },
    {
      "id": "9",
      "absolute href": "https://www.patagoniaprovisions.com/collections/all/products/roasted-garlic-spanish-white-anchovies",
      "image__img": "https://www.patagoniaprovisions.com/cdn/shop/files/Plated-bread-1_bd376d71-6553-47d4-abd3-ada39c12f433.jpg?v=1702248085&width=320",
      "image__img_2": "https://www.patagoniaprovisions.com/cdn/shop/products/product-anchovies-child-beach.jpg?v=1702248085&width=320",
      "product-badge": null,
      "text_black": "Roasted Garlic Spanish White Anchovies",
      "bv_main_container href": "https://www.patagoniaprovisions.com/collections/all/products/roasted-garlic-spanish-white-anchovies#reviews",
      "bv_text": 4.8,
      "bv_text 2": "(159)",
      "product_item__price": "$8.00"
    },
    {
      "id": "10",
      "absolute href": "https://www.patagoniaprovisions.com/collections/all/products/lemon-olive-spanish-white-anchovies",
      "image__img": "https://www.patagoniaprovisions.com/cdn/shop/files/Plated-bread-2_8e92dde2-4c85-43d9-ae17-c8a2158aaa52.jpg?v=1702248050&width=320",
      "image__img_2": "https://www.patagoniaprovisions.com/cdn/shop/products/product-anchovies-lemon-olive-tart-recipe.jpg?v=1702248050&width=320",
      "product-badge": null,
      "text_black": "Lemon Olive Spanish White Anchovies",
      "bv_main_container href": "https://www.patagoniaprovisions.com/collections/all/products/lemon-olive-spanish-white-anchovies#reviews",
      "bv_text": 4.8,
      "bv_text 2": "(201)",
      "product_item__price": "$8.00"
    },
    {
      "id": "11",
      "absolute href": "https://www.patagoniaprovisions.com/collections/all/products/white-anchovies-variety-pack",
      "image__img": "https://www.patagoniaprovisions.com/cdn/shop/files/Frame5.jpg?v=1693976055&width=320",
      "image__img_2": "https://www.patagoniaprovisions.com/cdn/shop/files/Enviro_b27cd86d-8f34-4960-8d1a-ed74dbb93d41.jpg?v=1693976074&width=320",
      "product-badge": null,
      "text_black": "White Anchovies Variety Pack",
      "bv_main_container href": "https://www.patagoniaprovisions.com/collections/all/products/white-anchovies-variety-pack#reviews",
      "bv_text": 4.8,
      "bv_text 2": "(31)",
      "product_item__price": "$24.00"
    },
    {
      "id": "12",
      "absolute href": "https://www.patagoniaprovisions.com/collections/all/products/lemon-caper-mackerel",
      "image__img": "https://www.patagoniaprovisions.com/cdn/shop/files/Plated-bread_5af7a9b5-6d74-4c27-bcb5-e875657b8895.jpg?v=1702247730&width=320",
      "image__img_2": "https://www.patagoniaprovisions.com/cdn/shop/products/product-mackerel-sourcing-fisherman.jpg?v=1702247730&width=320",
      "product-badge": null,
      "text_black": "Lemon Caper Mackerel",
      "bv_main_container href": "https://www.patagoniaprovisions.com/collections/all/products/lemon-caper-mackerel#reviews",
      "bv_text": 4.8,
      "bv_text 2": "(225)",
      "product_item__price": "$8.00"
    }
  ],
  "cart": [
    {
      "id": "81de",
      "text_black": "Sardines in Coconut Curry Sauce",
      "image__img": "https://www.patagoniaprovisions.com/cdn/shop/files/0592.kumler_a_1010_cc_WEB.jpg?v=1720473930&width=320",
      "product_item__price": "$8.00"
    },
    {
      "id": "8e81",
      "text_black": "Spicy White Anchovies",
      "image__img": "https://www.patagoniaprovisions.com/cdn/shop/files/Plated-bread_b9a13327-6b89-44ba-b5a8-8d0c634bfe08.jpg?v=1702248138&width=320",
      "product_item__price": "$8.00"
    }
  ]
}